{
  "id": "batteries",
  "name": "Batteries ",
  "author": "doot",
  "description": ["non-rechargeable"],
  "gameVersion": "1.3.0p1",
  "version": "1.0.0",
  "platform": "Quest",
  "category": "Other",
  "coverImageFilename": "Cover.png",
  "components": [
    {
      "Type": "AssetsMod",
      "InstallAction": {
        "PreloadFiles": ["sharedassets1.assets"],
		"Actions": [
			{
				"Type": "ReplaceAsset",
				"StepNumber": 1,
				"Locator": {
					"TypeIs": "Mesh",
					"NameIs": "Normal"
					},
				"FromDataFile": "Normal.dat"
			},
			{
				"Type": "ReplaceAsset",
				"StepNumber": 2,
				"Locator": {
					"TypeIs": "Mesh",
					"NameIs": "Glowing"
					},
				"FromDataFile": "Glowing.dat"
			}
		]
      },
	  "UninstallAction": {
        "PreloadFiles": ["sharedassets1.assets"],
		"Actions": [
			{
				"Type": "RestoreAsset",
				"StepNumber": 1,
				"Locator": {
					"TypeIs": "Mesh",
					"NameIs": "Normal"
					}
			},
			{
				"Type": "RestoreAsset",
				"StepNumber": 2,
				"Locator": {
					"TypeIs": "Mesh",
					"NameIs": "Glowing"
					}
			}
		]
      }
    }
  ]
}