{
  "ID": "KatanaSaberV1",
  "Name": "Katana Sabers V1+Quest Sabers",
  "Author": "Ikeiwa",
  "Description": "Katana sabers with quest controller handle",
  "Category": "Saber",
  "TargetBeatSaberVersion": "1.3.0p1",
  "CanUninstall": false,
  "Components": [
    {
      "Type": "AssetsMod",
      "InstallAction": {
        "PreloadFiles": ["sharedassets12.assets"],
		"Actions": [
			{
				"Type": "ReplaceAsset",
				"StepNumber": 1,
				"Locator": {
					"TypeIs": "Mesh",
					"NameIs": "SaberBlade"
					},
				"FromDataFile": "SaberBlade.dat"
			},
			{
				"Type": "ReplaceAsset",
				"StepNumber": 1,
				"Locator": {
					"TypeIs": "Mesh",
					"NameIs": "SaberGlowingEdges"
					},
				"FromDataFile": "SaberGlowingEdges.dat"
			},
			{
				"Type": "ReplaceAsset",
				"StepNumber": 1,
				"Locator": {
					"TypeIs": "Mesh",
					"NameIs": "SaberHandle"
					},
				"FromDataFile": "SaberHandle.dat"
			}
		]
      }
    }
  ]
}