
{
  "coverImageFilename": "Cover.png",
  "icon": "Cover.png",
  "components": [
    {
      "Type": "AssetsMod",
      "InstallAction": {
        "PreloadFiles": [
          
          "sharedassets23.assets"
        ],
        "Actions": [
          {
            "Type": "ReplaceAsset",
            "FromDataFile": "MainMenu.dat",
            "Locator": {
              "TypeIs": "Texture2D",
              "NameIs": "SpriteAtlasTexture-MainButtonArtworks-512x1024-fmt47"
            },
            "AllowOverwriteName": false,
            "StepNumber": 1
          }
        ]
      },
      "UninstallAction": {
        "PreloadFiles": [
          "sharedassets23.assets"
        ],
        "Actions": [
          {
            "Type": "RestoreAsset",
            "Locator": {
              "TypeIs": "Texture2D",
              "NameIs": "SpriteAtlasTexture-MainButtonArtworks-512x1024-fmt47"
            },
            "StepNumber": 1
          }
        ]
      }
    }
  ],
  "version": "1.0.0",
  "links": {},
  "description": [
    "on the clock cuz the party don't stop"
  ],
  "gameVersion": "1.3.0p1",
  "platform": "Quest",
  "id": "TikTok",
  "name": "TikTok Menu buttons",
  "author": "FutureMapperMyDud",
  "category": "Other"
}