{
  "id": "TikTok",
  "name": "TikTok Menu buttons",
  "author": "FutureMapperMyDud",
  "description": "on the clock but the party don't stop",
  "gameVersion": "1.3.0p1",
  "version": "1.0.0",
  "platform": "Quest",
  "category": "Other",
  "coverImageFilename": "Cover.png",
  "components": [
    {
      "Type": "AssetsMod",
      "InstallAction": {
        "PreloadFiles": ["sharedassets23.assets"],
        "Actions": [
            {
                "Type": "ReplaceAsset",
                "StepNumber": 1,
                "Locator": {
                    "TypeIs": "Texture2D",
                    "NameIs": "SpriteAtlasTexture-MainButtonArtworks-512x1024-fmt47"
                    },
                "FromDataFile": "MainMenu.dat"
            }
      },
      "UninstallAction": {
        "PreloadFiles": ["sharedassets23.assets"],
        "Actions": [
            {
                "Type": "RestoreAsset",
                "StepNumber": 1,
                "Locator": {
                    "TypeIs": "Texture2D",
                    "NameIs": "SpriteAtlasTexture-MainButtonArtworks-512x1024-fmt47"
                    }
            }
        ]
      }
    }
  ]
}